title,source,author,publishedAt,url,description
"Small Caps Rally, Disney Expands Streaming, Tech Stocks Face Pressure",Forbes,"JJ Kinahan, Senior Contributor, 
 JJ Kinahan, Senior Contributor
 https://www.forbes.com/sites/jjkinahan/",2025-08-06T14:02:03Z,https://www.forbes.com/sites/jjkinahan/2025/08/06/small-caps-rally-disney-expands-streaming-tech-stocks-face-pressure/,"Small caps outperformed as major indexes slipped. Disney surged on strong earnings and media deals, while tech stocks like AMD and Super Micro fell on weak results."
Why “vibe physics” is the ultimate example of AI slop,Medium,Ethan Siegel,2025-08-06T14:01:57Z,https://medium.com/starts-with-a-bang/why-vibe-physics-is-the-ultimate-example-of-ai-slop-c73e2207b2d8,"The most fundamental of all the sciences is physics, as it seeks to describe all of nature in the simplest, most irreducible terms possible. Both the contents of the Universe, as well as the laws…"
"AMD stock slumps 5% on earnings miss, China AI chip concerns",CNBC,,2025-08-06T14:01:03Z,https://www.cnbc.com/2025/08/06/amd-stock-china-ai-chips-earnings.html,The chipmaker fell short of earnings expectations and raised concerns about the timing of a restart in China shipments.
AI’s Power Needs Have The Potential To Make Nuclear Power Economic,Forbes,"John Tamny, Contributor, 
 John Tamny, Contributor
 https://www.forbes.com/sites/johntamny/",2025-08-06T14:00:59Z,https://www.forbes.com/sites/johntamny/2025/08/06/ais-power-needs-have-the-potential-to-make-nuclear-power-economic/,Markets solve more problems than the ones they're supposed to solve.
"Tea app hacked as women's photos, IDs & even DMs leaked online",Fox News,,2025-08-06T14:00:38Z,https://www.foxnews.com/tech/tea-app-hacked-womens-photos-ids-even-dms-leaked-online,"Dating safety app Tea suffered a breach of its own, compromising selfies, photo identification, and images from posts, comments, and direct messages within the app."
Advancing fishery dependent and independent habitat assessments using automated image analysis: A fisheries management agency case study,Plos.org,"Scott N. Evans, Bronson Philippa, Carlo Mattone, Nick Konzewitsch, Renae K. Hovey, Marcus Sheaves, Gary A. Kendrick, Lynda M. Bellchambers",2025-08-06T14:00:00Z,https://journals.plos.org/plosone/article?id=10.1371/journal.pone.0329409,"Advances in artificial intelligence and machine learning have revolutionised data analysis, including in the field of marine and fisheries sciences. However, many fisheries agencies manage sensitive or proprietary data that cannot be shared externally, which …"
Precision medicine in rheumatoid arthritis: Evaluation of a new approach to predict clinical response to methotrexate in patients with early rheumatoid arthritis,Plos.org,"Alejandro Escudero, Mercedes Alperi, Ana Isabel Turrion, Rosario Lopez, Tatiana Yebra, Gema Cordero, Teresa Diez, Isabel Portero, Francisco J. Blanco",2025-08-06T14:00:00Z,https://journals.plos.org/plosone/article?id=10.1371/journal.pone.0329440,"Background International guidelines recommend methotrexate (MTX) as the first-choice treatment in rheumatoid arthritis (RA). Although most patients with recently diagnosed arthritis achieve low disease activity or remission with MTX, about 30–40% do not signi…"
Can the U.S. Convince China to Cut Russian Oil Imports?,OilPrice.com,RFE/RL staff,2025-08-06T14:00:00Z,https://oilprice.com/Energy/Energy-General/Can-the-US-Convince-China-to-Cut-Russian-Oil-Imports.html,"Ahead of an August 8 deadline set by US President Donald Trump for the Kremlin to stop the fighting in Ukraine, Washington is looking to squeeze Moscow economically and has found a new target: Russian oil sales to China. Reining in how much oil China buys fro…"
Google DeepMind’s Genie 3 uses AI to make game-like worlds,Music Ally,Stuart Dredge,2025-08-06T13:58:21Z,http://musically.com/2025/08/06/google-deepminds-genie-3-uses-ai-to-make-game-like-worlds/,Last December we wrote about an intriguing startup called World Labs that could generate 3D worlds from single images. But bigger fish are playing in that space too: Google’s DeepMind AI division has just unveiled its latest “general purpose world model” whic…
Should Lyft and Uber Charge More if Your Battery Is Low? California May Soon Ban That,Gizmodo.com,Maya C. Miller for The Markup,2025-08-06T13:55:39Z,https://gizmodo.com/should-lyft-and-uber-charge-more-if-your-battery-is-low-california-may-soon-ban-that-2000639499,"Lawmakers want to ban companies from using data about consumers’ devices like battery life, model and geolocation to set fluctuating prices. Proponents say such ""surveillance pricing"" is discriminatory."
OpenAI in Talks for Share Sale at $500 Billion Valuation,Biztoc.com,finance.yahoo.com,2025-08-06T13:50:25Z,https://biztoc.com/x/5d6f900a3cbee712,"In This Article:
(Bloomberg) -- OpenAI is in early talks about a potential sale of stock for current and former employees at a valuation of about $500 billion, people briefed on the investment discussions said, marking an enormous gain in value for the artifi…"
SBA Announces New Regional Innovation Cluster Funding to Support Domestic Manufacturing,GlobeNewswire,U.S. Small Business Administration,2025-08-06T13:44:00Z,https://www.globenewswire.com/news-release/2025/08/06/3128427/0/en/SBA-Announces-New-Regional-Innovation-Cluster-Funding-to-Support-Domestic-Manufacturing.html,"$7.5 Million Now Available to Support American Industry, Strengthen Supply Chains, and Bring Jobs Back Home $7.5 Million Now Available to Support American Industry, Strengthen Supply Chains, and Bring Jobs Back Home"
Telecom Brawl Over Networks Poses Test for Carney’s AI Strategy,Financial Post,Bloomberg News,2025-08-06T13:42:58Z,https://financialpost.com/pmn/business-pmn/telecom-brawl-over-networks-poses-test-for-carneys-ai-strategy,Mark Carney’s government is days away from a key decision that’s poised to affect billions of investment from Canadian telecommunications companies — one that has divided the industry’s largest players.
The jobs most at risk from AI,Biztoc.com,theweek.com,2025-08-06T13:38:22Z,https://biztoc.com/x/38cf007dfaf9972e,"Google has set out its next steps in developing artificial intelligence which could eventually be able to complete real-world tasks at the same level as humans.
The tech giant's DeepMind AI division is working towards artificial general intelligence (AGI), a …"
Shopify stock soars 20% on rosy guidance as CFO says tariff hit 'did not materialize',CNBC,,2025-08-06T13:37:36Z,https://www.cnbc.com/2025/08/06/shopify-shop-stock-earnings-q2-2025.html,"The company, which provides software for small businesses, also gave strong guidance for the third quarter."
"Study says ChatGPT giving teens dangerous advice on drugs, alcohol and suicide",ABC News,MATT O'BRIEN AND BARBARA ORTUTAY AP technology writers,2025-08-06T13:34:31Z,https://abcnews.go.com/Technology/wireStory/study-chatgpt-giving-teens-dangerous-advice-drugs-alcohol-124409804,New research from a watchdog group reveals ChatGPT can provide harmful advice to teens
Tin prices will likely rule firm on demand for AI and electronic sectors,BusinessLine,Subramani Ra Mancombu,2025-08-06T13:34:21Z,https://www.thehindubusinessline.com/markets/commodities/tin-prices-will-likely-rule-firm-on-demand-for-ai-and-electronic-sectors/article69901661.ece,"Global tin prices expected to remain firm due to AI and electronics demand, tight inventories, and supply issues."
"️ Laporta backs new Champions League format, snubs Super League",Onefootball.com,,2025-08-06T13:34:00Z,https://onefootball.com/en/news/laporta-backs-new-champions-league-format-snubs-super-league-41475186,"Isn't it surprising that one of the main drivers of the European Super League, now Unify League, is full of praise for its main competitor, the Champions League?That's exactly what happened in the int..."
The jobs most at risk from AI,The Week Magazine,"theweekonlineeditorsuk@futurenet.com (Richard Windsor, The Week UK) , Richard Windsor, The Week UK",2025-08-06T13:33:11Z,https://theweek.com/tech/the-jobs-most-at-risk-from-ai,Sales and customer services are touted as some of the key jobs that will be replaced by AI
Transform old videos into stunning 4K with VideoProc Converter AI,Cult of Mac,David Snow,2025-08-06T13:30:53Z,https://www.cultofmac.com/deals/video-quality-enhancer,"This AI-powered video quality enhancer quickly restores your old, pixelated, low-res video footage to pristine 4K video. 
(via Cult of Mac - Your source for the latest Apple news, rumors, analysis, reviews, how-tos and deals.)"
"Apple is investing another $100 billion in the US, Trump set to announce | CNN Business",CNN,Lisa Eadicicco,2025-08-06T13:30:50Z,https://www.cnn.com/2025/08/06/tech/apple-investment-us-trump,"Apple is investing another $100 billion to expand its operations in the United States, President Donald Trump will announce later Wednesday, a White House official said."
Decarbonising The Industrial Sector: Can AI Catalyse Global Progress?,Forbes,"Ankit Mishra, Contributor, 
 Ankit Mishra, Contributor
 https://www.forbes.com/sites/ankitmishra/",2025-08-06T13:30:04Z,https://www.forbes.com/sites/ankitmishra/2025/08/06/decarbonising-the-industrial-sector-can-ai-catalyse-global-progress/,"Emerging AI use-cases show promise in cutting GHGs, but purpose-built infrastructure is vital to scale AI-driven industrial decarbonisation across heavy industries"
"NCW chief applauds Assam Police, launches ‘Yashoda AI’ program to empower women",Syllad.com,Syllad | The Rising Meghalaya,2025-08-06T13:29:33Z,https://www.syllad.com/ncw-chief-applauds-assam-police-launches-yashoda-ai-program-to-empower-women/,"National Commission for Women (NCW) Chairperson Vijaya Rahatkar visited the Assam Police Headquarters on Tuesday, where she led a high-level review meeting on women’s safety with DGP Harmeet Singh and senior officials from the state police and administration.…"
"SCOOP: Trump admin, OpenAI partner to unleash artificial intelligence on federal government",Fox News,,2025-08-06T13:29:28Z,https://www.foxnews.com/politics/scoop-trump-admin-openai-partner-unleash-artificial-intelligence-federal-government,"GSA announces OpenAI partnership bringing ChatGPT to federal workforce at nominal cost, supporting Trump administration's goal to win the global AI race."
BC Wildfire Service says AI photos spread misinformation and uncertainty,National Observer,Nono Shen,2025-08-06T13:29:05Z,https://www.nationalobserver.com/2025/08/06/news/bc-wildfire-service-says-ai-photos-spread-misinformation-uncertainty,"The BC Wildfire Service is warning about AI-generated images spreading misinformation and uncertainty during fire season, citing fake images being shared on social media that seemingly depict recent blazes."
Anthropic releases Claude Opus 4.1 amid rival ChatGPT’s advancements,The Times of India,ETtech,2025-08-06T13:28:23Z,https://economictimes.indiatimes.com/tech/artificial-intelligence/anthropic-releases-claude-opus-4-1-amid-rival-chatgpts-advancements/articleshow/123143392.cms,"More improvements will be rolled out in the coming weeks, the company said. The price for Opus 4.1 remains the same as that of Opus 4."
"Trump, Apple to Announce Fresh $100 Billion US Investment",Financial Post,Bloomberg News,2025-08-06T13:27:47Z,https://financialpost.com/pmn/business-pmn/trump-apple-to-announce-fresh-100-billion-us-investment,"President Donald Trump will announce that Apple Inc. will commit to spend another $100 billion on domestic manufacturing, the latest pledge by the tech giant to increase US production of its products as it seeks to avoid punishing tariffs on its flagship iPho…"
"Indonesian govt urges focus on AI's benefits, not just the risks",Antaranews.com,"Tumpal, Kenzu",2025-08-06T13:25:07Z,https://en.antaranews.com/news/371585/indonesian-govt-urges-focus-on-ais-benefits-not-just-the-risks,Indonesia&#39;s Ministry of Communication and Digital Affairs has encouraged the public to focus more on the positive potential of artificial intelligence ...
"AI Consulting Services Market Size to Hit USD 49.11 Billion by 2032 Driven by Enterprise AI Adoption, Custom Strategy, and Regulatory Demand | SNS Insider",GlobeNewswire,SNS Insider pvt ltd,2025-08-06T13:20:00Z,https://www.globenewswire.com/news-release/2025/08/06/3128409/0/en/AI-Consulting-Services-Market-Size-to-Hit-USD-49-11-Billion-by-2032-Driven-by-Enterprise-AI-Adoption-Custom-Strategy-and-Regulatory-Demand-SNS-Insider.html,"The U.S. AI Consulting Services Market was valued at USD 2.42 billion in 2024 and is expected to reach USD 13.28 billion by 2032, growing at a CAGR of 23.73% from 2025 to 2032. The U.S. AI Consulting Services Market was valued at USD 2.42 billion in 2024 and …"
Cosmos Health Secures up to $300 Million Financing Facility to Launch Ethereum Treasury Strategy,GlobeNewswire,Cosmos Health Inc.,2025-08-06T13:20:00Z,https://www.globenewswire.com/news-release/2025/08/06/3128410/0/en/Cosmos-Health-Secures-up-to-300-Million-Financing-Facility-to-Launch-Ethereum-Treasury-Strategy.html,"Cosmos Health secures financing of up to $300 million to develop an ETH-backed treasury, with remaining proceeds for growth and general working capital......"
Your junk could be Gen Z’s treasure. How to profit from the resurgence of Y2K fashion,ABC News,NICKY ANDREWS Associated Press,2025-08-06T13:18:15Z,https://abcnews.go.com/Entertainment/wireStory/junk-gen-zs-treasure-profit-resurgence-y2k-fashion-124409684,"Juicy Couture sweat sets and low-rise, bedazzled jeans"
Microsoft and OpenAI’s Partnership Changes and What It Means for the Future of AI,Geeky Gadgets,Julian Horsey,2025-08-06T13:17:35Z,https://www.geeky-gadgets.com/microsoft-openai-partnership-negotiations/,What happens when two of the most influential forces in artificial intelligence—Microsoft and OpenAI—sit down to renegotiate the terms of their partnership? The answer could reshape the trajectory of the tech industry itself. With AI rapidly advancing toward …
"Frankenstein Monster: Aswath Damodaran says upcoming NYU bot in his name could out-fake scammers, gives Insta scam 'A-' grade",The Times of India,Riya Sharma,2025-08-06T13:16:42Z,https://economictimes.indiatimes.com/markets/stocks/news/frankenstein-monster-aswath-damodaran-says-upcoming-nyu-bot-in-his-name-could-out-fake-scammers-gives-insta-scam-a-grade/articleshow/123143160.cms,Aswath Damodaran warns about AI scams using his image. He highlights an Instagram scam and its flaws. Damodaran discusses an NYU AI project that mimics his work. He advises investors to be cautious and do their research. He emphasizes the importance of invest…
"KUKE Music Partners with Global Classical Music Giant Naxos to Launch ""Music LEGO Engine,"" Reshaping Classical Music Future with AI, Blockchain and RWA",GlobeNewswire,Kuke Music Holding Limited,2025-08-06T13:15:00Z,https://www.globenewswire.com/news-release/2025/08/06/3128405/0/en/KUKE-Music-Partners-with-Global-Classical-Music-Giant-Naxos-to-Launch-Music-LEGO-Engine-Reshaping-Classical-Music-Future-with-AI-Blockchain-and-RWA.html,"Beijing/Hong Kong, Aug. 06, 2025 (GLOBE NEWSWIRE) -- KUKE Music (NYSE: KUKE), a world-leading classical music content service provider, today announced a strategic collaboration with Naxos Music Group, the world’s largest independent classical music group. Wi…"
"Study says ChatGPT giving teens dangerous advice on drugs, alcohol and suicide",Boston Herald,Associated Press,2025-08-06T13:13:07Z,https://www.bostonherald.com/2025/08/06/chatgpt-vulnerable-teens/,New research from a watchdog group reveals ChatGPT can provide harmful advice to teens.
"Study says ChatGPT giving teens dangerous advice on drugs, alcohol and suicide",KSAT San Antonio,Matt O'brien And Barbara Ortutay,2025-08-06T13:07:54Z,https://www.ksat.com/business/2025/08/06/study-says-chatgpt-giving-teens-dangerous-advice-on-drugs-alcohol-and-suicide/,New research from a watchdog group reveals ChatGPT can provide harmful advice to teens.
Your junk could be Gen Z’s treasure. How to profit from the resurgence of Y2K fashion,Financial Post,The Associated Press,2025-08-06T13:04:34Z,https://financialpost.com/pmn/your-junk-could-be-gen-zs-treasure-how-to-profit-from-the-resurgence-of-y2k-fashion,"From Juicy Couture sweat sets and low-rise, bedazzled jeans to chunky belts and baby tees, early 2000s fashion is all the rage again. That potentially makes that old box of clothes in the back of your closet a sitting cash cow. Generation Z — born from about …"
"Study says ChatGPT giving teens dangerous advice on drugs, alcohol and suicide",The Times of India,AP,2025-08-06T13:04:34Z,https://economictimes.indiatimes.com/tech/artificial-intelligence/study-says-chatgpt-giving-teens-dangerous-advice-on-drugs-alcohol-and-suicide/articleshow/123142854.cms,"A recent study reveals ChatGPT's potential dangers for teens, as it provides detailed instructions on harmful activities like drug use, eating disorders, and even crafting suicide notes. Researchers bypassed safety measures by posing as vulnerable teens, rece…"
Day One at EUC World Amplify,Storagereview.com,tom-fenton,2025-08-06T13:04:05Z,https://www.storagereview.com/news/day-one-at-euc-world-amplify,"EUC World Amplify 2025 kicked off this week, and StorageReview was in attendance as an official media sponsor.

<!--more-->As champions of innovation in end-user computing (EUC), Storage Review takes great pride in serving as an official media sponsor for EUC…"
"Cohere’s agentic AI platform North gets wide release, aims to handle ‘boring’ work",Financial Post,The Canadian Press,2025-08-06T13:01:29Z,https://financialpost.com/pmn/coheres-agentic-ai-platform-north-gets-wide-release-aims-to-handle-boring-work,"Cohere is making its agentic artificial intelligence platform more widely available. The Toronto-based tech firm announced Wednesday that its North platform, which was launched in a limited fashion in January, is getting a broader release. The platform is alr…"
AI bookkeeper Docyt debuts precision-trained AI agents to accelerate accounting automation,SiliconANGLE News,Mike Wheatley,2025-08-06T13:00:22Z,https://siliconangle.com/2025/08/06/ai-bookkeeper-docyt-debuts-precision-trained-ai-agents-accelerate-accounting-automation/,"Docyt AI Inc. is building on the launch last year of its artificial intelligence-powered accountant GARY, unveiling a new AI engine that it says is purpose-built to automate complex bookkeeping workflows. The Docyt High Precision Accounting Intelligence engin…"
Tenable launches AI Exposure to address enterprise generative AI risk,SiliconANGLE News,Duncan Riley,2025-08-06T13:00:14Z,https://siliconangle.com/2025/08/06/tenable-launches-ai-exposure-address-enterprise-generative-ai-risk/,"Network security company Tenable Holdings Inc. today announced an expansion of its Tenable One platform with the launch of AI Exposure, a new solution to see, manage and control the risk introduced by generative artificial intelligence. Unveiled at the Black …"
Cohere launches AI agent platform for businesses,Financial Post,Yvonne Lau,2025-08-06T13:00:03Z,https://financialpost.com/technology/cohere-ai-agent-platform-businesses,"Cohere is aiming to sell its agentic AI platform, called North, to private and public sector organizations in Canada and worldwide. Read on."
"Britt Lower Interview: Severance, Circus",Hollywood Reporter,Julian Sancton,2025-08-06T13:00:00Z,http://www.hollywoodreporter.com/tv/tv-features/britt-lower-interview-severance-circus-1236337775/,"She’s the beating heart of this year’s most thrilling — and Emmy-nominated — TV show. But there’s no telling when she might decamp for the circus (like, literally)."
Disney’s Secret Experiments With AI Have Reportedly Been a Comical Disaster,Futurism,Noor Al-Sibai,2025-08-06T12:55:59Z,https://futurism.com/disney-secret-ai-disaster,"The popular narrative is that workers in the movie and TV industries are set to be trampled by artificial intelligence. But the reality may be more complicated. Behind the scenes, Disney has reportedly been struggling to deploy AI after creating a whole new b…"
How states are placing guardrails around AI in the absence of strong federal regulation,The Conversation Africa,"Anjana Susarla, Professor of Information Systems, Michigan State University",2025-08-06T12:55:21Z,https://theconversation.com/how-states-are-placing-guardrails-around-ai-in-the-absence-of-strong-federal-regulation-260683,"With a potential ban of state regulation of AI soundly defeated, states are continuing to take the lead on protecting people from the technology’s potential harms – for now."
Iron nanoparticles can help treat contaminated water – our team of scientists created them out of expired supplements,The Conversation Africa,"Ahmed Ibrahim Yunus, Ph.D. Candidate in Environmental Engineering, Georgia Institute of Technology, Joe Frank Bozeman III, Assistant Professor of Civil and Environmental Engineering and Public Policy, Georgia Institute of Technology",2025-08-06T12:54:27Z,https://theconversation.com/iron-nanoparticles-can-help-treat-contaminated-water-our-team-of-scientists-created-them-out-of-expired-supplements-260364,Researchers compared the environmental footprints of several techniques used to make magnetic nanoparticles.
Philadelphia is using AI-driven cameras to keep bus lanes clear – transparency can help build trust in the system,The Conversation Africa,"Murugan Anandarajan, Professor of Decision Sciences and Management Information Systems, Drexel University",2025-08-06T12:52:42Z,https://theconversation.com/philadelphia-is-using-ai-driven-cameras-to-keep-bus-lanes-clear-transparency-can-help-build-trust-in-the-system-262180,An information systems expert explains why fairness and transparency are key to introducing new AI-driven enforcement technologies to the public.
The U.S. and China are engaged in a race over chip development — both countries are racing to build infrastructure,Tom's Hardware UK,Chris Stokel-Walker,2025-08-06T12:50:00Z,https://www.tomshardware.com/tech-industry/semiconductors/the-u-s-and-china-are-engaged-in-a-race-over-chip-development-both-countries-are-racing-to-build-infrastructure,Both superpowers are building up chip development capabilities while trying to reduce dependencies upon one another.
"HBM roadmaps for Micron, Samsung, and SK hynix: To HBM4 and beyond",Tom's Hardware UK,"ashilov@gmail.com (Anton Shilov) , Anton Shilov",2025-08-06T12:50:00Z,https://www.tomshardware.com/tech-industry/semiconductors/hbm-roadmaps-for-micron-samsung-and-sk-hynix-to-hbm4-and-beyond,"We've compiled a full roadmap of HBM memory for SK hynix, Micron, and Samsung, including HBM3, HBM3E, HBM4, and HBM4E."
Wearable Devices Announces Development of Neural Interface for Advanced Military Tactical Systems,GlobeNewswire,Wearable Devices Ltd.,2025-08-06T12:45:00Z,https://www.globenewswire.com/news-release/2025/08/06/3128349/0/en/Wearable-Devices-Announces-Development-of-Neural-Interface-for-Advanced-Military-Tactical-Systems.html,"Yokneam Illit, Israel, Aug. 06, 2025 (GLOBE NEWSWIRE) -- Wearable Devices Ltd. (the “Company” or “Wearable Devices”) (Nasdaq: WLDS, WLDSW), a technology growth company specializing in artificial intelligence (“AI"")-powered touchless sensing wearables, today a…"
Trump Is Sabotaging His Own AI Plan,The Atlantic,Thomas Wright,2025-08-06T12:45:00Z,https://www.theatlantic.com/international/archive/2025/08/trump-ai-china-nvidia/683769/,And setting America back in a race he desperately wants to win.
Trump Media starts beta tests for AI search feature,Biztoc.com,breakingthenews.net,2025-08-06T12:42:26Z,https://biztoc.com/x/68e46413debd27da,"Trump Media and Technology Group Corp. announced on Wednesday that it began beta testing its new artificial intelligence search feature, Truth Search AI, on the company's social media platform Truth S..."
Two California residents charged with illegally exporting millions worth of microchips to China,Biztoc.com,siliconvalley.com,2025-08-06T12:42:24Z,https://biztoc.com/x/993a5fe1c03de69e,"Two Southern California residents have been arrested on suspicion of knowingly exporting tens of millions of dollars’ worth of sensitive microchips used in artificial intelligence applications to China and have been charged with a felony, the Department of Ju…"
Snap Stock Stares Down Its Worst Day in a Year After Earnings,Barchart.com,Elizabeth H. Volk,2025-08-06T12:40:03Z,https://www.barchart.com/story/news/33922013/snap-stock-stares-down-its-worst-day-in-a-year-after-earnings,"Snap continues to have terrible luck reporting earnings in August, with the stock on pace to plunge 19% at the open this morning."
AI-Enhanced Breast Cancer Treatments - SOPHiA GENETICS Has Extended Its Partnership with AstraZeneca (TrendHunter.com),Trendhunter.com,Kalin Ned,2025-08-06T12:39:05Z,https://www.trendhunter.com/trends/sophia-genetics,(TrendHunter.com) SOPHiA GENETICS and AstraZeneca are leveraging artificial intelligence to improve treatment approaches for breast cancer patients. This multi-year initiative will utilize SOPHiA GENETICS'...
Microsoft's Windows 2030 Vision Includes AI-Powered Agentic Interfaces,Gadgets360.com,"Akash Dutta, David Delima",2025-08-06T12:35:50Z,https://www.gadgets360.com/ai/news/microsoft-windows-2030-vision-multimodal-ai-agent-interface-voice-interaction-david-weston-9031888,"Microsoft seems to be planning a major overhaul with the upcoming versions of its Windows operating system (OS). The Redmond-based tech giant shared a new video on Monday dubbed Windows 2030 Vision, teasing what the OS would look like in five years’ time. In …"
"Smart Fitness Market to Hit USD 33.77 Billion by 2032, Driven by Health Awareness and Tech Integration – SNS Insider",GlobeNewswire,SNS Insider pvt ltd,2025-08-06T12:35:00Z,https://www.globenewswire.com/news-release/2025/08/06/3128343/0/en/Smart-Fitness-Market-to-Hit-USD-33-77-Billion-by-2032-Driven-by-Health-Awareness-and-Tech-Integration-SNS-Insider.html,"Smart fitness market growth driven by health awareness, tech integration, wearable adoption, and rising demand for personalized workouts. Smart fitness market growth driven by health awareness, tech integration, wearable adoption, and rising demand for person…"
Google Ads Unveils RSA Asset Stats,Practical Ecommerce,Matthew Umbro,2025-08-06T12:31:12Z,https://www.practicalecommerce.com/google-ads-unveils-rsa-asset-stats,"In a helpful reporting update, Google Ads now shows click and conversion data for each headline and description line of Responsive Search Ads.
The post Google Ads Unveils RSA Asset Stats appeared first on Practical Ecommerce."
"Earnings live: Snap stock plunges, Disney beats, Uber announces buybacks, McDonald's sales rebound",Yahoo Entertainment,Yahoo Finance,2025-08-06T12:30:11Z,https://finance.yahoo.com/news/live/earnings-live-snap-stock-plunges-disney-beats-uber-announces-buybacks-mcdonalds-sales-rebound-123011020.html,"Second quarter earnings season is in full swing, and the results have been largely positive so far, with more positive surprises than negative ones."
"Apple to pledge $100 billion for US manufacturing, White House official says",CNA,,2025-08-06T12:30:03Z,https://www.channelnewsasia.com/business/apple-pledge-100-billion-us-manufacturing-white-house-official-says-5280656,"WASHINGTON :Apple Inc will announce a domestic manufacturing pledge of $100 billion on Wednesday that will focus on bringing more manufacturing to the United States, a White House official said.The pledge would be a new financial commitment, the official said…"
White House official: Apple to announce $100 billion pledge,CNA,,2025-08-06T12:30:03Z,https://www.channelnewsasia.com/business/white-house-official-apple-announce-100-billion-pledge-5280656,"WASHINGTON :Apple Inc will announce a domestic manufacturing pledge of $100 billion on Wednesday that will focus on bringing more manufacturing to the United States, a White House official said.The pledge would be a new financial commitment on top of what App…"
White House adviser: Apple likely to make investment commitment,CNA,,2025-08-06T12:30:03Z,https://www.channelnewsasia.com/business/white-house-adviser-apple-likely-make-investment-commitment-5280656,"WASHINGTON :White House economic adviser Kevin Hassett said Apple Inc was likely to make an investment announcement on Wednesday, as he discussed the financial pledges made by companies and countries under President Donald Trump.""They're moving here in droves…"
Indoor Farming Market is Set to Reach Staggering Valuation of US$ 80.59 Billion By 2033 | Astute Analytica,GlobeNewswire,AstuteAnalytica India Pvt. Ltd.,2025-08-06T12:30:00Z,https://www.globenewswire.com/news-release/2025/08/06/3128323/0/en/Indoor-Farming-Market-is-Set-to-Reach-Staggering-Valuation-of-US-80-59-Billion-By-2033-Astute-Analytica.html,"Technological innovation in LED lighting and hydroponics accelerating the indoor farming market's growth, primarily for high-turnover crops. However, steep initial capital outlay and intense energy consumption create a significant profitability bottleneck, ch…"
"Introducing Tenable AI Exposure: Stop Guessing, Start Securing Your AI Attack Surface",Tenable.com,Damien Lim,2025-08-06T12:30:00Z,https://www.tenable.com/blog/introducing-tenable-ai-exposure-stop-guessing-start-securing-your-ai-attack-surface,"Now available in Tenable One, Tenable AI Exposure gives you visibility into how your teams use AI platforms and where that usage could put your data, users and defenses at risk.Artificial Intelligence platforms like ChatGPT Enterprise and Microsoft Copilot ar…"
Artificial Consciousness as Interface Representation,Arxiv.org,Robert Prentner,2025-08-06T12:25:06Z,https://arxiv.org/abs/2508.04383,"Whether artificial intelligence (AI) systems can possess consciousness is a
contentious question because of the inherent challenges of defining and
operationalizing subjective experience. This paper proposes a framework to
reframe the question of artificial c…"
Ozak AI Hits Major Milestone With $1.5M+ Raised—What’s Next?,GlobeNewswire,Trinity108 Labs Ltd. (ozak),2025-08-06T12:20:00Z,https://www.globenewswire.com/news-release/2025/08/06/3128318/0/en/Ozak-AI-Hits-Major-Milestone-With-1-5M-Raised-What-s-Next.html,"ROAD TOWN, British Virgin Islands, Aug. 06, 2025 (GLOBE NEWSWIRE) -- Ozak AI has officially raised over $1.5 million in its presale, capturing the attention of retail and institutional investors alike. With the presale currently in Stage 4 and the token price…"
Apollo buys majority stake in Stream Data Centers,CNA,,2025-08-06T12:17:35Z,https://www.channelnewsasia.com/business/apollo-buys-majority-stake-in-stream-data-centers-5280616,"NEW YORK :Apollo agreed to buy a majority interest in Stream Data Centers (SDC), the alternative asset manager said on Wednesday, in a bet on rising demand for digital infrastructure fueled by artificial intelligence and cloud computing.Investors are lining u…"
Apollo buys Stream Data Centers in bet on AI infrastructure boom,CNA,,2025-08-06T12:17:35Z,https://www.channelnewsasia.com/business/apollo-buys-stream-data-centers-in-bet-ai-infrastructure-boom-5280616,"NEW YORK : Apollo agreed to buy a majority interest in Stream Data Centers (SDC), the alternative asset manager said on Wednesday, in a bet on rising demand for digital infrastructure fueled by artificial intelligence and cloud computing.Big Tech companies an…"
How to Run Claude Code from Your Phone : Coding on the Go,Geeky Gadgets,Julian Horsey,2025-08-06T12:13:58Z,https://www.geeky-gadgets.com/how-to-run-claude-code-from-your-phone-coding-on-the-go/,"What if you could run advanced coding workflows from your phone—no laptop, no desk, no problem? Imagine reviewing pull requests during your morning commute or resolving backend issues while waiting for your coffee. Thanks to the seamless integration of Claude…"
Safe Pro to Capitalize on Landmark Proposed FAA Rules Normalizing Drone Operations Utilizing Beyond Visual Line of Sight with Expanded AI-Powered Drone Services,Financial Post,GlobeNewswire,2025-08-06T12:09:38Z,https://financialpost.com/globe-newswire/safe-pro-to-capitalize-on-landmark-proposed-faa-rules-normalizing-drone-operations-utilizing-beyond-visual-line-of-sight-with-expanded-ai-powered-drone-services,"FAA’s Proposed Rules to normalize Beyond Visual Line of Sight (BVLOS) operations can unlock transformative scaled drone applications across key sectors allowing for accelerated deployment of Safe Pro’s Artificial Intelligence technology AVENTURA, Fla., Aug. 0…"
"Meta, Microsoft, Google And AppLovin Lead This Breakout Watch",Biztoc.com,investors.com,2025-08-06T12:09:38Z,https://biztoc.com/x/dfb59d7acd8d2316,"To kick off August, artificial intelligence leaders Meta Platforms (META), Microsoft (MSFT), Google parent Alphabet (GOOGL), and AppLovin (APP) have popped up on the Investor's Business Daily Breakout Stocks Index. Financial powerhouses JPMorgan Chase (JPM) a…"
"80 Years After Hiroshima and Nagasaki, Are We on the Verge of Another Nuclear War?",Common Dreams,Gerry Condon,2025-08-06T12:09:04Z,https://www.commondreams.org/opinion/another-nuclear-war,"Eighty years ago, the U.S. dropped nuclear bombs on the civilian populations of Hiroshima and Nagasaki. There are now nine nuclear-armed nations, many in military confrontation with one another. It is quite remarkable that there has not been another nuclear w…"
Safe Pro to Capitalize on Landmark Proposed FAA Rules Normalizing Drone Operations Utilizing Beyond Visual Line of Sight with Expanded AI-Powered Drone Services,GlobeNewswire,"Safe Pro Group, Inc.",2025-08-06T12:07:00Z,https://www.globenewswire.com/news-release/2025/08/06/3128311/0/en/Safe-Pro-to-Capitalize-on-Landmark-Proposed-FAA-Rules-Normalizing-Drone-Operations-Utilizing-Beyond-Visual-Line-of-Sight-with-Expanded-AI-Powered-Drone-Services.html,FAA’s Proposed Rules to normalize Beyond Visual Line of Sight (BVLOS) operations can unlock transformative scaled drone applications across key sectors allowing for accelerated deployment of Safe Pro’s Artificial Intelligence technology FAA’s Proposed Rules t…
"Long Beach Public Library, California Police Misconduct, Weather Forecasting, More: Wednesday ResearchBuzz, August 6, 2025",Researchbuzz.me,ResearchBuzz,2025-08-06T12:01:16Z,https://researchbuzz.me/2025/08/06/long-beach-public-library-california-police-misconduct-weather-forecasting-more-wednesday-researchbuzz-august-6-2025/,NEW RESOURCES Long Beach Post News: Long Beach will open up its e-book library so teens from other states can read banned books. “Free digital Long Beach Public Library cards will soon be ava…
Conduent Reports Second Quarter 2025 Financial Results,GlobeNewswire,"Conduent Business Services, LLC",2025-08-06T12:01:00Z,https://www.globenewswire.com/news-release/2025/08/06/3128306/0/en/Conduent-Reports-Second-Quarter-2025-Financial-Results.html,News from Conduent  Key Q2 2025 Highlights  Revenue and Adj. Revenue(1): $754MPre-tax Income (Loss): $(38)MAdj. EBITDA Margin(1): 4.9%New Business...
ChatGPT Glossary: 55 AI Terms Everyone Should Know,CNET,Imad Khan,2025-08-06T12:00:10Z,https://www.cnet.com/tech/services-and-software/chatgpt-glossary-55-ai-terms-everyone-should-know/,The AI space is changing rapidly. Refer to this glossary to stay up to date.
Inside OpenAI's zealous pursuit of AI dominance,CBC News,,2025-08-06T12:00:00Z,https://www.cbc.ca/radio/frontburner/inside-openai-s-zealous-pursuit-of-ai-dominance-1.7601534,"A new book called ‘Empire of AI’ pulls back the curtain on OpenAI’s often secretive and zealous pursuit of human-level artificial intelligence. We talk to its author, tech journalist Karen Hao."
Meet The Start-Up Taking On The Accounting Software Incumbents,Forbes,"David Prosser, Contributor, 
 David Prosser, Contributor
 https://www.forbes.com/sites/davidprosser/",2025-08-06T12:00:00Z,https://www.forbes.com/sites/davidprosser/2025/08/06/meet-the-start-up-taking-on-the-accounting-software-incumbents/,Rillet's latest fundraising means it has now built more than $100 million of firepower with which to take on established brands such as Sage and NetSuite
"Former Intel board members: America’s champion is likely to retreat, and we still need a leading-edge chip manufacturer",Fortune,"Charlene Barshefsky, Reed Hundt, James Plummer, David B. Yoffie",2025-08-06T12:00:00Z,https://fortune.com/2025/08/06/former-intel-board-members-america-needs-chips-champion-tsmc-samsung/,"Quitters never win, and winners never quit."
Apollo Global to Buy Builder of Large-Scale US Data Centers,Financial Post,Bloomberg News,2025-08-06T11:51:01Z,https://financialpost.com/pmn/business-pmn/apollo-global-to-buy-builder-of-large-scale-us-data-centers,"Apollo Global Management Inc. agreed to acquire a majority stake in Stream Data Centers, making its first such acquisition as the alternative asset manager capitalizes on booming demand for digital infrastructure."
 Three-time referee of the year Aytekin announces retirement,Onefootball.com,,2025-08-06T11:50:00Z,https://onefootball.com/en/news/three-time-referee-of-the-year-aytekin-announces-retirement-41474699,"Deniz Aytekin has taken to the field as a referee in the Bundesliga 241 times. Add to that numerous international assignments and his three-time selection as German Referee of the Year: 2018/2019, 202..."
Forbes Daily: Palantir Rides Hot Streak After A ‘Phenomenal’ Quarter,Forbes,"Chris Dobstaff, Forbes Staff, 
 Chris Dobstaff, Forbes Staff
 https://www.forbes.com/sites/chrisdobstaff/",2025-08-06T11:48:01Z,https://www.forbes.com/sites/daniellechemtob/2025/08/06/forbes-daily-palantir-rides-hot-streak-after-a-phenomenal-quarter/,"Today’s Forbes Daily newsletter covers Trump’s Fed chair candidates, Palantir’s rising share price, RFK cancels vaccine funding, GOP pushes for more on Epstein and more."
Meta (META) Gets $825 Price Target After Big Q2 Earnings Beat,Yahoo Entertainment,Ghazal Ahmed,2025-08-06T11:42:55Z,https://finance.yahoo.com/news/meta-meta-gets-825-price-114255047.html,"Meta Platforms, Inc. (NASDAQ:META) is one of the Trending AI Stocks on Wall Street. On July 31, DA Davidson analyst Gil Luria raised the price target on the ..."
How AI is changing the way doctors treat their patients | 7.30,Biztoc.com,youtube.com,2025-08-06T11:37:00Z,https://biztoc.com/x/a3b9532232266612,Artificial intelligence is revolutionising healthcare at rapid speed — patients are already receiving better care and tailored ...
2025 Proxy Season Review: Four Key Takeaways,Harvard School of Engineering and Applied Sciences,"Jamie Smith, Jamie Smith",2025-08-06T11:32:54Z,https://corpgov.law.harvard.edu/2025/08/06/2025-proxy-season-review-four-key-takeaways/,Introduction Investors’ governance focus evolves in a season shaped by uncertainty and change The 2025 proxy season was marked by a changing regulatory and policy landscape and shifting dynamics between companies and investors. New SEC guidance significantly …
A treatise on AI chatbots undermining the enlightenment,Maggieappleton.com,,2025-08-06T11:31:09Z,https://maggieappleton.com/ai-enlightenment/,"On chatbot sycophancy, passivity, and the case for more intellectually challenging companions."
"Deloitte India, Embark forge strategic alliance to power next wave of global capability centres",The Times of India,Sobia Khan,2025-08-06T11:29:23Z,https://economictimes.indiatimes.com/industry/services/property-/-cstruction/deloitte-india-embark-forge-strategic-alliance-to-power-next-wave-of-global-capability-centres/articleshow/123142172.cms,Deloitte India and Embark have formed a strategic alliance to provide comprehensive solutions for Global Capability Centres (GCCs) in India. This partnership aims to assist global enterprises in establishing and expanding their GCCs by offering services encom…
"Tesla (TSLA) Faces Brand Headwinds, But Analysts Stay Confident",Yahoo Entertainment,Ghazal Ahmed,2025-08-06T11:21:57Z,https://finance.yahoo.com/news/tesla-tsla-faces-brand-headwinds-112157436.html,"Tesla, Inc. (NASDAQ:TSLA) is one of the Trending AI Stocks on Wall Street. On August 4, Morgan Stanley analyst Adam Jonas reiterated an Overweight rating on ..."
Wedbush Sees Trillion-Dollar Future for Palantir (PLTR) Amid AI Boom,Yahoo Entertainment,Ghazal Ahmed,2025-08-06T11:16:23Z,https://finance.yahoo.com/news/wedbush-sees-trillion-dollar-future-111623994.html,"Palantir Technologies Inc. (NASDAQ:PLTR) is one of the Trending AI Stocks on Wall Street. On August 5, Wedbush analyst Dan Ives raised the price target on..."
Brookfield to Launch Strategy for AI Infrastructure Development,Financial Post,Bloomberg News,2025-08-06T11:15:31Z,https://financialpost.com/pmn/business-pmn/brookfield-to-launch-strategy-for-ai-infrastructure-development,Brookfield Asset Management is launching a dedicated strategy focused on developing infrastructure for artificial intelligence as it looks to capitalize on a boom in data centers.
OpenAI’s New Open Models Overview : GPT-OSS 120B and 20B,Geeky Gadgets,Julian Horsey,2025-08-06T11:14:59Z,https://www.geeky-gadgets.com/openai-gpt-oss-models-overview/,"What if the power of innovative AI wasn’t locked behind proprietary walls but placed directly in the hands of developers, researchers, and innovators? OpenAI’s latest release, GPT-OSS 120B and 20B, represents a bold step toward this vision. With their open-we…"
2 Leading Artificial Intelligence (AI) Stocks to Buy and Hold Forever,Biztoc.com,finance.yahoo.com,2025-08-06T11:13:27Z,https://biztoc.com/x/7a8930bd44e2c3be,"In This Article:
Key Points
-
These companies are benefiting from offering artificial intelligence (AI) services and implementing AI-powered tools in their businesses.
-
Several other aspects of their operations also make them strong buy-and-forget contenders…"
"Singapore's Carro targets US IPO with over $3 billion valuation, sources say",Yahoo Entertainment,"Yantoultra Ngui, Fanny Potkin and Jun Yuan   Yong",2025-08-06T11:13:06Z,https://finance.yahoo.com/news/singapores-carro-targets-us-ipo-111306134.html,"SINGAPORE (Reuters) -Singapore-based Carro, Southeast Asia's largest used-car online marketplace, is preparing for a U.S. initial public offering as early as..."
Morning Bid: When the chips are down,Yahoo Entertainment,Mike Dolan,2025-08-06T11:09:42Z,https://finance.yahoo.com/news/morning-bid-chips-down-110942406.html,"A mix of disappointing results from some major semiconductor chip names, a service sector hiccup and another slight ebb in hopes for interest rate cut have..."
Opening the box: Tools to teach young people about AI,Raspberrypi.org,Bonnie Sheppard,2025-08-06T11:09:27Z,https://www.raspberrypi.org/blog/opening-the-box-tools-to-teach-young-people-about-ai/,"New research by the Alan Turing Institute, published in June, shows that in the UK nearly one in four children aged 8 to 12 is using artificial intelligence (AI) tools like ChatGPT. With learners exploring these tools at such young ages, it’s more urgent than…"
